{
  "4": {
    "sat_L": 2,
    "sat_S": 2,
    "states_L": 3,
    "states_S": 3,
    "time_L": 8.58306884765625e-06,
    "time_S": 4.0531158447265625e-06
  },
  "5": {
    "sat_L": 3,
    "sat_S": 3,
    "states_L": 7,
    "states_S": 7,
    "time_L": 1.0251998901367188e-05,
    "time_S": 9.775161743164062e-06
  },
  "6": {
    "sat_L": 3,
    "sat_S": 3,
    "states_L": 11,
    "states_S": 11,
    "time_L": 1.5974044799804688e-05,
    "time_S": 1.239776611328125e-05
  },
  "7": {
    "sat_L": 4,
    "sat_S": 4,
    "states_L": 23,
    "states_S": 23,
    "time_L": 3.4332275390625e-05,
    "time_S": 2.8848648071289062e-05
  },
  "8": {
    "sat_L": 4,
    "sat_S": 4,
    "states_L": 23,
    "states_S": 23,
    "time_L": 3.7670135498046875e-05,
    "time_S": 3.266334533691406e-05
  },
  "9": {
    "sat_L": 5,
    "sat_S": 4,
    "states_L": 42,
    "states_S": 42,
    "time_L": 6.556510925292969e-05,
    "time_S": 6.246566772460938e-05
  },
  "10": {
    "sat_L": 5,
    "sat_S": 4,
    "states_L": 50,
    "states_S": 50,
    "time_L": 9.107589721679688e-05,
    "time_S": 9.369850158691406e-05
  },
  "11": {
    "sat_L": 6,
    "sat_S": 5,
    "states_L": 102,
    "states_S": 102,
    "time_L": 0.00023412704467773438,
    "time_S": 0.00020432472229003906
  },
  "12": {
    "sat_L": 6,
    "sat_S": 5,
    "states_L": 134,
    "states_S": 134,
    "time_L": 0.0003123283386230469,
    "time_S": 0.0003628730773925781
  },
  "13": {
    "sat_L": 7,
    "sat_S": 6,
    "states_L": 270,
    "states_S": 270,
    "time_L": 0.0006833076477050781,
    "time_S": 0.00070953369140625
  },
  "14": {
    "sat_L": 7,
    "sat_S": 6,
    "states_L": 286,
    "states_S": 286,
    "time_L": 0.002039670944213867,
    "time_S": 0.0007846355438232422
  },
  "15": {
    "sat_L": 7,
    "sat_S": 6,
    "states_L": 570,
    "states_S": 570,
    "time_L": 0.0018494129180908203,
    "time_S": 0.0020990371704101562
  },
  "16": {
    "sat_L": 7,
    "sat_S": 6,
    "states_L": 570,
    "states_S": 570,
    "time_L": 0.0019376277923583984,
    "time_S": 0.001901865005493164
  },
  "17": {
    "sat_L": 8,
    "sat_S": 7,
    "states_L": 1142,
    "states_S": 1142,
    "time_L": 0.0050127506256103516,
    "time_S": 0.004231929779052734
  },
  "18": {
    "sat_L": 8,
    "sat_S": 7,
    "states_L": 1430,
    "states_S": 1430,
    "time_L": 0.005677461624145508,
    "time_S": 0.0054988861083984375
  },
  "19": {
    "sat_L": 9,
    "sat_S": 8,
    "states_L": 2862,
    "states_S": 2862,
    "time_L": 0.012155771255493164,
    "time_S": 0.012075185775756836
  },
  "20": {
    "sat_L": 9,
    "sat_S": 8,
    "states_L": 3278,
    "states_S": 3278,
    "time_L": 0.014994382858276367,
    "time_S": 0.015166997909545898
  },
  "21": {
    "sat_L": 10,
    "sat_S": 8,
    "states_L": 7070,
    "states_S": 7070,
    "time_L": 0.02977156639099121,
    "time_S": 0.028340578079223633
  },
  "22": {
    "sat_L": 10,
    "sat_S": 8,
    "states_L": 7230,
    "states_S": 7230,
    "time_L": 0.03084397315979004,
    "time_S": 0.03090047836303711
  },
  "23": {
    "sat_L": 11,
    "sat_S": 9,
    "states_L": 14462,
    "states_S": 14462,
    "time_L": 0.06599259376525879,
    "time_S": 0.06582093238830566
  },
  "24": {
    "sat_L": 11,
    "sat_S": 9,
    "states_L": 18174,
    "states_S": 18174,
    "time_L": 0.08931279182434082,
    "time_S": 0.08590936660766602
  },
  "25": {
    "sat_L": 11,
    "sat_S": 10,
    "states_L": 32526,
    "states_S": 32526,
    "time_L": 0.16654300689697266,
    "time_S": 0.1636364459991455
  },
  "26": {
    "sat_L": 11,
    "sat_S": 10,
    "states_L": 32822,
    "states_S": 32822,
    "time_L": 0.17423534393310547,
    "time_S": 0.17269015312194824
  },
  "27": {
    "sat_L": 11,
    "sat_S": 10,
    "states_L": 53686,
    "states_S": 53686,
    "time_L": 0.3043477535247803,
    "time_S": 0.30474376678466797
  },
  "28": {
    "sat_L": 12,
    "sat_S": 10,
    "states_L": 55894,
    "states_S": 55894,
    "time_L": 0.32961344718933105,
    "time_S": 0.32778310775756836
  },
  "29": {
    "sat_L": 13,
    "sat_S": 11,
    "states_L": 111790,
    "states_S": 111790,
    "time_L": 0.7154145240783691,
    "time_S": 0.7246673107147217
  },
  "30": {
    "sat_L": 13,
    "sat_S": 11,
    "states_L": 154798,
    "states_S": 154798,
    "time_L": 1.0159430503845215,
    "time_S": 1.0180857181549072
  },
  "31": {
    "sat_L": 14,
    "sat_S": 12,
    "states_L": 309598,
    "states_S": 309598,
    "time_L": 2.160097360610962,
    "time_S": 2.255852222442627
  },
  "32": {
    "sat_L": 14,
    "sat_S": 12,
    "states_L": 309598,
    "states_S": 309598,
    "time_L": 2.6629815101623535,
    "time_S": 2.661545753479004
  },
  "33": {
    "sat_L": 14,
    "sat_S": 12,
    "states_L": 686494,
    "states_S": 686494,
    "time_L": 6.652374505996704,
    "time_S": 6.264842510223389
  },
  "34": {
    "sat_L": 14,
    "sat_S": 12,
    "states_L": 688302,
    "states_S": 688302,
    "time_L": 6.9708216190338135,
    "time_S": 6.849312782287598
  },
  "35": {
    "sat_L": 15,
    "sat_S": 12,
    "states_L": 1273550,
    "states_S": 1273550,
    "time_L": 13.456212043762207,
    "time_S": 13.849199771881104
  },
  "36": {
    "sat_L": 15,
    "sat_S": 12,
    "states_L": 1480718,
    "states_S": 1480718,
    "time_L": 16.230533123016357,
    "time_S": 16.517942905426025
  },
  "37": {
    "sat_L": 16,
    "sat_S": 13,
    "states_L": 2961438,
    "states_S": 2961438,
    "time_L": 34.54063606262207,
    "time_S": 35.422054290771484
  },
  "38": {
    "sat_L": 16,
    "sat_S": 13,
    "states_L": 2964750,
    "states_S": 2964750,
    "time_L": 35.725502014160156,
    "time_S": 36.627140522003174
  },
  "39": {
    "sat_L": 16,
    "sat_S": 13,
    "states_L": 6574382,
    "states_S": 6574382,
    "time_L": 82.62766313552856,
    "time_S": 83.5204849243164
  },
  "40": {
    "sat_L": 16,
    "sat_S": 13,
    "states_L": 7497966,
    "states_S": 7497966,
    "time_L": 98.70439028739929,
    "time_S": 99.98262548446655
  },
  "41": {
    "sat_L": 17,
    "sat_S": 14,
    "states_L": 14995934,
    "states_S": 14995934,
    "time_L": 212.6220998764038,
    "time_S": 214.95361709594727
  },
  "42": {
    "sat_L": 17,
    "sat_S": 14,
    "states_L": 21023838,
    "states_S": 21023838,
    "time_L": 314.28159403800964,
    "time_S": 312.74588561058044
  }
}