{
  "31": {
    "size": null,
    "witness": "TIMEOUT",
    "nodes": 2278983,
    "time": 60.00003218650818
  },
  "32": {
    "size": null,
    "witness": "TIMEOUT",
    "nodes": 2215566,
    "time": 60.000019550323486
  },
  "33": {
    "size": null,
    "witness": "TIMEOUT",
    "nodes": 2194202,
    "time": 60.00001883506775
  },
  "34": {
    "size": null,
    "witness": "TIMEOUT",
    "nodes": 2137459,
    "time": 60.0000159740448
  }
}